data,produto,produto_id,classificacao,unidade,menor,comum,maior
"2026-01-07","FILE DE TILAPIA","file-de-tilapia","-","KG",41.50,41.50,41.50
"2026-01-07","PANGASIUS","pangasius","-","KG",10.00,10.00,10.00
"2026-01-07","PINTADO","pintado","-","KG",28.00,28.00,28.00
"2026-01-07","TAMBAQUI","tambaqui","-","KG",15.67,15.67,15.67
"2026-01-07","TILÁPIA","tilapia","-","KG",11.85,11.85,11.85
"2026-01-07","TRUTA","truta","-","KG",41.07,41.07,41.07
"2026-01-09","FILE DE TILAPIA","file-de-tilapia","-","KG",42.25,42.25,42.25
"2026-01-09","PANGASIUS","pangasius","-","KG",10.00,10.00,10.00
"2026-01-09","TAMBAQUI","tambaqui","-","KG",16.00,16.00,16.00
"2026-01-09","TILÁPIA","tilapia","-","KG",11.91,11.91,11.91
"2026-01-09","TRUTA","truta","-","KG",42.00,42.00,42.00
"2026-01-12","FILE DE TILAPIA","file-de-tilapia","-","KG",41.66,41.66,41.66
"2026-01-12","PANGASIUS","pangasius","-","KG",10.00,10.00,10.00
"2026-01-12","PINTADO","pintado","-","KG",27.00,27.00,27.00
"2026-01-12","TAMBAQUI","tambaqui","-","KG",15.33,15.33,15.33
"2026-01-12","TILÁPIA","tilapia","-","KG",11.82,11.82,11.82
"2026-01-12","TRUTA","truta","-","KG",40.59,40.59,40.59
"2026-01-14","FILE DE TILAPIA","file-de-tilapia","-","KG",43.29,43.47,43.67
"2026-01-14","TAMBAQUI","tambaqui","-","KG",17.00,17.00,17.00
"2026-01-14","TILÁPIA","tilapia","-","KG",12.00,12.00,12.00
"2026-01-14","TRUTA","truta","-","KG",40.00,40.00,40.00
"2026-01-16","FILE DE TILAPIA","file-de-tilapia","-","KG",41.78,41.95,42.13
"2026-01-16","PANGASIUS","pangasius","-","KG",26.00,26.00,26.00
"2026-01-16","PINTADO","pintado","-","KG",28.00,28.00,28.00
"2026-01-16","TAMBAQUI","tambaqui","-","KG",17.00,17.00,17.00
"2026-01-16","TILÁPIA","tilapia","-","KG",11.92,11.92,11.92
"2026-01-16","TRUTA","truta","-","KG",42.36,42.36,42.36
"2026-01-19","FILE DE TILAPIA","file-de-tilapia","-","KG",41.87,41.87,41.87
"2026-01-19","PANGASIUS","pangasius","-","KG",18.88,18.88,18.88
"2026-01-19","TAMBAQUI","tambaqui","-","KG",15.50,15.50,15.50
"2026-01-19","TILÁPIA","tilapia","-","KG",12.15,12.15,12.15
"2026-01-19","TRUTA","truta","-","KG",41.07,41.07,41.07
"2026-01-21","FILE DE TILAPIA","file-de-tilapia","-","KG",42.24,42.24,42.24
"2026-01-21","TILÁPIA","tilapia","-","KG",12.01,12.01,12.01
"2026-01-21","TRUTA","truta","-","KG",40.00,40.00,40.00
"2026-01-23","FILE DE TILAPIA","file-de-tilapia","-","KG",41.81,41.81,41.81
"2026-01-23","PANGASIUS","pangasius","-","KG",10.00,10.00,10.00
"2026-01-23","PINTADO","pintado","-","KG",28.00,28.00,28.00
"2026-01-23","TAMBAQUI","tambaqui","-","KG",17.00,17.00,17.00
"2026-01-23","TILÁPIA","tilapia","-","KG",12.22,12.22,12.22
"2026-01-23","TRUTA","truta","-","KG",40.79,40.79,40.79
"2026-01-26","FILE DE TILAPIA","file-de-tilapia","-","KG",42.63,42.63,42.63
"2026-01-26","PANGASIUS","pangasius","-","KG",26.00,26.00,26.00
"2026-01-26","TAMBAQUI","tambaqui","-","KG",15.00,15.00,15.00
"2026-01-26","TILÁPIA","tilapia","-","KG",12.11,12.11,12.11
"2026-01-30","FILE DE TILAPIA","file-de-tilapia","-","KG",42.26,42.26,42.26
"2026-01-30","TILÁPIA","tilapia","-","KG",12.20,12.20,12.20
"2026-01-30","TRUTA","truta","-","KG",42.00,42.00,42.00
"2026-02-02","FILE DE TILAPIA","file-de-tilapia","-","KG",42.29,42.32,42.35
"2026-02-02","PANGASIUS","pangasius","-","KG",10.00,10.00,10.00
"2026-02-02","PINTADO","pintado","-","KG",29.00,29.00,29.00
"2026-02-02","TAMBAQUI","tambaqui","-","KG",14.66,14.66,14.66
"2026-02-02","TILÁPIA","tilapia","-","KG",11.99,12.10,12.21
"2026-02-02","TRUTA","truta","-","KG",41.00,41.00,41.00
"2026-02-04","FILE DE TILAPIA","file-de-tilapia","-","KG",37.84,37.84,37.84
"2026-02-04","PANGASIUS","pangasius","-","KG",18.98,18.98,18.98
"2026-02-04","PINTADO","pintado","-","KG",29.00,29.00,29.00
"2026-02-04","TAMBAQUI","tambaqui","-","KG",14.50,14.50,14.50
"2026-02-04","TILÁPIA","tilapia","-","KG",12.14,12.14,12.14
"2026-02-04","TRUTA","truta","-","KG",41.00,41.00,41.00
"2026-02-06","FILE DE TILAPIA","file-de-tilapia","-","KG",42.09,42.09,42.09
"2026-02-06","PANGASIUS","pangasius","-","KG",10.00,10.00,10.00
"2026-02-06","TILÁPIA","tilapia","-","KG",12.01,12.01,12.01
"2026-02-06","TRUTA","truta","-","KG",40.00,40.00,40.00
"2026-02-09","FILE DE TILAPIA","file-de-tilapia","-","KG",41.95,41.95,41.95
"2026-02-09","PINTADO","pintado","-","KG",27.20,27.20,27.20
"2026-02-09","TAMBAQUI","tambaqui","-","KG",14.00,14.00,14.00
"2026-02-09","TILÁPIA","tilapia","-","KG",12.16,12.16,12.16
"2026-02-09","TRUTA","truta","-","KG",41.00,41.00,41.00
"2026-02-11","FILE DE TILAPIA","file-de-tilapia","-","KG",42.73,42.73,42.73
"2026-02-11","PANGASIUS","pangasius","-","KG",10.00,10.00,10.00
"2026-02-11","PINTADO","pintado","-","KG",28.00,28.00,28.00
"2026-02-11","TAMBAQUI","tambaqui","-","KG",14.00,14.20,14.40
"2026-02-11","TILÁPIA","tilapia","-","KG",12.13,12.13,12.13
"2026-02-11","TRUTA","truta","-","KG",40.86,40.86,40.86
"2026-02-13","FILE DE TILAPIA","file-de-tilapia","-","KG",40.43,41.44,41.87
"2026-02-13","PINTADO","pintado","-","KG",27.00,28.00,28.00
"2026-02-13","TAMBAQUI","tambaqui","-","KG",15.62,16.13,16.63
"2026-02-13","TILÁPIA","tilapia","-","KG",11.32,12.28,12.32
"2026-02-13","TRUTA","truta","-","KG",38.00,39.00,40.00
"2026-02-20","FILE DE TILAPIA","file-de-tilapia","-","KG",39.72,40.71,41.45
"2026-02-20","PANGASIUS","pangasius","-","KG",14.77,15.47,15.77
"2026-02-20","PINTADO","pintado","-","KG",27.00,28.00,28.00
"2026-02-20","TAMBAQUI","tambaqui","-","KG",12.19,13.19,14.20
"2026-02-20","TILÁPIA","tilapia","-","KG",10.00,11.00,12.00
"2026-02-20","TRUTA","truta","-","KG",38.00,39.00,40.00
"2026-02-23","FILE DE TILAPIA","file-de-tilapia","-","KG",39.70,40.88,42.15
"2026-02-23","PINTADO","pintado","-","KG",25.00,26.00,27.00
"2026-02-23","TAMBAQUI","tambaqui","-","KG",13.24,14.12,15.00
"2026-02-23","TILÁPIA","tilapia","-","KG",12.01,12.49,13.00
"2026-02-25","FILE DE TILAPIA","file-de-tilapia","-","KG",39.75,40.75,41.14
"2026-02-25","PANGASIUS","pangasius","-","KG",9.00,9.50,10.00
"2026-02-25","TILÁPIA","tilapia","-","KG",11.45,12.46,12.80
"2026-02-25","TRUTA","truta","-","KG",38.60,39.60,40.60
"2026-02-27","FILE DE TILAPIA","file-de-tilapia","-","KG",41.31,43.31,43.79
"2026-02-27","TILÁPIA","tilapia","-","KG",12.75,13.40,13.55
"2026-02-27","TRUTA","truta","-","KG",40.34,42.67,43.33
"2026-03-11","FILE DE TILAPIA","file-de-tilapia","-","KG",43.00,44.01,44.25
"2026-03-11","TILÁPIA","tilapia","-","KG",12.00,13.00,13.00
"2026-03-13","FILE DE TILAPIA","file-de-tilapia","-","KG",41.05,43.03,43.49
"2026-03-13","PINTADO","pintado","-","KG",24.50,26.00,27.50
"2026-03-13","TAMBAQUI","tambaqui","-","KG",12.42,12.92,13.06
"2026-03-13","TILÁPIA","tilapia","-","KG",11.68,12.69,12.90
"2026-03-13","TRUTA","truta","-","KG",36.35,38.81,40.81
"2026-03-16","FILE DE TILAPIA","file-de-tilapia","-","KG",39.23,40.24,41.15
"2026-03-16","PINTADO","pintado","-","KG",25.50,27.00,27.50
"2026-03-16","TAMBAQUI","tambaqui","-","KG",11.50,12.50,13.50
"2026-03-16","TILÁPIA","tilapia","-","KG",10.66,11.66,12.66
"2026-03-16","TRUTA","truta","-","KG",38.81,39.81,40.81
"2026-03-18","FILE DE TILAPIA","file-de-tilapia","-","KG",39.64,41.30,43.24
"2026-03-18","TILÁPIA","tilapia","-","KG",12.00,12.98,12.99
"2026-03-18","TRUTA","truta","-","KG",39.67,41.34,42.00
"2026-03-20","FILE DE TILAPIA","file-de-tilapia","-","KG",34.39,37.03,37.85
"2026-03-20","PANGASIUS","pangasius","-","KG",8.00,9.00,10.00
"2026-03-20","TILÁPIA","tilapia","-","KG",11.38,12.26,12.83
"2026-03-20","TRUTA","truta","-","KG",39.00,40.67,42.00
"2026-03-23","FILE DE TILAPIA","file-de-tilapia","-","KG",38.52,39.53,40.53
"2026-03-23","PANGASIUS","pangasius","-","KG",9.00,9.50,10.00
"2026-03-23","TILÁPIA","tilapia","-","KG",11.21,11.82,12.32
"2026-03-23","TRUTA","truta","-","KG",14.21,14.68,15.15
"2026-03-25","FILE DE TILAPIA","file-de-tilapia","-","KG",42.54,42.82,43.10
"2026-03-25","PANGASIUS","pangasius","-","KG",28.00,28.00,28.00
"2026-03-25","PINTADO","pintado","-","KG",26.00,26.50,27.00
"2026-03-25","TAMBAQUI","tambaqui","-","KG",14.68,14.84,15.00
"2026-03-25","TILÁPIA","tilapia","-","KG",14.22,14.23,14.24
"2026-03-27","FILE DE TILAPIA","file-de-tilapia","-","KG",41.62,42.29,42.97
"2026-03-27","PANGASIUS","pangasius","-","KG",9.80,9.90,10.00
"2026-03-27","PINTADO","pintado","-","KG",23.78,24.28,25.00
"2026-03-27","TAMBAQUI","tambaqui","-","KG",13.41,13.70,14.15
"2026-03-27","TILÁPIA","tilapia","-","KG",12.83,13.50,14.15
"2026-03-27","TRUTA","truta","-","KG",39.76,40.45,41.14
"2026-03-30","FILE DE TILAPIA","file-de-tilapia","-","KG",41.74,42.60,43.45
"2026-03-30","PANGASIUS","pangasius","-","KG",9.00,9.50,10.00
"2026-03-30","PINTADO","pintado","-","KG",25.00,26.00,27.00
"2026-03-30","TAMBAQUI","tambaqui","-","KG",14.58,15.14,15.70
"2026-03-30","TILÁPIA","tilapia","-","KG",13.57,13.86,14.15
"2026-03-30","TRUTA","truta","-","KG",39.07,39.76,40.76
"2026-03-31","FILE DE TILAPIA","file-de-tilapia","-","KG",44.28,45.05,45.85
"2026-03-31","PINTADO","pintado","-","KG",28.00,28.50,29.00
"2026-03-31","TAMBAQUI","tambaqui","-","KG",14.13,14.52,15.10
"2026-03-31","TILÁPIA","tilapia","-","KG",14.10,14.54,15.24
"2026-03-31","TRUTA","truta","-","KG",39.40,40.10,40.80
"2026-04-01","FILE DE TILAPIA","file-de-tilapia","-","KG",42.35,43.87,44.52
"2026-04-01","PINTADO","pintado","-","KG",28.50,29.00,30.00
"2026-04-01","TAMBAQUI","tambaqui","-","KG",13.78,14.20,14.84
"2026-04-01","TILÁPIA","tilapia","-","KG",12.97,13.38,13.80
"2026-04-01","TRUTA","truta","-","KG",40.30,41.00,42.00
"2026-04-02","FILE DE TILAPIA","file-de-tilapia","-","KG",43.19,43.85,44.69
"2026-04-02","PANGASIUS","pangasius","-","KG",11.00,11.50,12.00
"2026-04-02","TAMBAQUI","tambaqui","-","KG",11.96,12.33,12.71
"2026-04-02","TILÁPIA","tilapia","-","KG",14.60,15.30,16.00
"2026-04-02","TRUTA","truta","-","KG",41.54,42.53,43.53
"2026-04-06","FILE DE TILAPIA","file-de-tilapia","-","KG",41.80,42.57,43.42
"2026-04-06","PANGASIUS","pangasius","-","KG",9.80,9.90,10.00
"2026-04-06","PINTADO","pintado","-","KG",23.50,24.00,25.00
"2026-04-06","TAMBAQUI","tambaqui","-","KG",11.45,11.82,12.21
"2026-04-06","TILÁPIA","tilapia","-","KG",15.54,16.34,17.13
"2026-04-06","TRUTA","truta","-","KG",39.36,40.03,41.03
"2026-04-10","FILE DE TILAPIA","file-de-tilapia","-","KG",42.62,43.79,44.62
"2026-04-10","TILÁPIA","tilapia","-","KG",12.00,12.50,13.00
"2026-04-13","FILE DE TILAPIA","file-de-tilapia","-","KG",42.13,42.91,43.69
"2026-04-13","TILÁPIA","tilapia","-","KG",13.52,14.02,14.52
"2026-04-13","TRUTA","truta","-","KG",41.58,42.08,43.00
"2026-04-15","FILE DE TILAPIA","file-de-tilapia","-","KG",41.86,42.86,43.89
"2026-04-15","TILÁPIA","tilapia","-","KG",12.54,13.05,13.54
"2026-04-17","FILE DE TILAPIA","file-de-tilapia","-","KG",42.10,43.10,44.10
"2026-04-17","PINTADO","pintado","-","KG",27.00,27.50,28.00
"2026-04-17","TAMBAQUI","tambaqui","-","KG",14.50,15.00,15.50
"2026-04-17","TILÁPIA","tilapia","-","KG",12.73,13.08,13.43
"2026-04-22","FILE DE TILAPIA","file-de-tilapia","-","KG",41.87,42.65,43.54
"2026-04-22","PANGASIUS","pangasius","-","KG",9.00,9.50,10.00
"2026-04-22","PINTADO","pintado","-","KG",24.58,24.75,24.92
"2026-04-22","TAMBAQUI","tambaqui","-","KG",11.76,11.91,12.11
"2026-04-22","TILÁPIA","tilapia","-","KG",13.07,13.39,13.89
"2026-04-22","TRUTA","truta","-","KG",39.29,39.79,40.79
"2026-04-24","FILE DE TILAPIA","file-de-tilapia","-","KG",43.11,44.10,45.09
"2026-04-24","PINTADO","pintado","-","KG",26.00,26.50,27.00
"2026-04-24","TAMBAQUI","tambaqui","-","KG",14.00,14.50,15.00
"2026-04-24","TILÁPIA","tilapia","-","KG",12.38,12.71,13.05
"2026-04-24","TRUTA","truta","-","KG",40.00,41.00,42.00
"2026-04-27","FILE DE TILAPIA","file-de-tilapia","-","KG",41.82,42.50,43.21
"2026-04-27","TAMBAQUI","tambaqui","-","KG",11.00,11.50,12.00
"2026-04-27","TILÁPIA","tilapia","-","KG",13.22,13.31,13.41
"2026-04-27","TRUTA","truta","-","KG",40.00,41.00,42.00
"2026-04-29","FILE DE TILAPIA","file-de-tilapia","-","KG",42.73,43.69,44.66
"2026-04-29","TILÁPIA","tilapia","-","KG",13.00,13.30,13.50
"2026-05-04","FILE DE TILAPIA","file-de-tilapia","-","KG",43.01,43.92,44.85
"2026-05-04","PINTADO","pintado","-","KG",27.00,28.00,29.00
"2026-05-04","TAMBAQUI","tambaqui","-","KG",13.68,14.18,15.00
"2026-05-04","TILÁPIA","tilapia","-","KG",13.00,13.20,13.38
"2026-05-04","TRUTA","truta","-","KG",41.00,42.00,43.00
"2026-05-06","FILE DE TILAPIA","file-de-tilapia","-","KG",42.36,43.23,44.10
"2026-05-06","PANGASIUS","pangasius","-","KG",9.80,9.90,10.00
"2026-05-06","PINTADO","pintado","-","KG",25.50,26.00,26.50
"2026-05-06","TAMBAQUI","tambaqui","-","KG",13.35,13.76,14.17
"2026-05-06","TILÁPIA","tilapia","-","KG",11.99,12.50,12.99
"2026-05-06","TRUTA","truta","-","KG",40.00,40.50,41.20
"2026-05-08","FILE DE TILAPIA","file-de-tilapia","-","KG",41.87,42.59,43.35
"2026-05-08","PANGASIUS","pangasius","-","KG",11.00,11.50,12.00
"2026-05-08","TAMBAQUI","tambaqui","-","KG",14.15,14.55,15.00
"2026-05-08","TILÁPIA","tilapia","-","KG",12.57,12.84,13.07
"2026-05-08","TRUTA","truta","-","KG",39.80,40.70,41.60
"2026-05-11","FILE DE TILAPIA","file-de-tilapia","-","KG",41.83,42.40,43.01
"2026-05-11","PANGASIUS","pangasius","-","KG",9.00,9.50,10.00
"2026-05-11","TAMBAQUI","tambaqui","-","KG",12.36,12.77,13.17
"2026-05-11","TILÁPIA","tilapia","-","KG",12.94,13.04,13.14
"2026-05-11","TRUTA","truta","-","KG",39.83,40.33,40.83
"2026-05-13","FILE DE TILAPIA","file-de-tilapia","-","KG",42.40,43.19,44.00
"2026-05-13","PANGASIUS","pangasius","-","KG",9.80,9.90,10.00
"2026-05-13","TAMBAQUI","tambaqui","-","KG",12.96,13.24,13.73
"2026-05-13","TILÁPIA","tilapia","-","KG",12.72,12.82,12.92
"2026-05-13","TRUTA","truta","-","KG",39.71,40.21,40.70
"2026-05-15","FILE DE TILAPIA","file-de-tilapia","-","KG",42.20,43.05,43.90
"2026-05-15","PANGASIUS","pangasius","-","KG",9.80,9.90,10.00
"2026-05-15","PINTADO","pintado","-","KG",25.62,26.51,27.42
"2026-05-15","TAMBAQUI","tambaqui","-","KG",13.79,14.17,14.55
"2026-05-15","TILÁPIA","tilapia","-","KG",12.82,12.98,13.19
"2026-05-15","TRUTA","truta","-","KG",39.60,40.40,41.20
"2026-05-18","FILE DE TILAPIA","file-de-tilapia","-","KG",41.94,42.65,43.36
"2026-05-18","PANGASIUS","pangasius","-","KG",9.80,9.90,10.00
"2026-05-18","PINTADO","pintado","-","KG",24.33,24.98,25.65
"2026-05-18","TAMBAQUI","tambaqui","-","KG",13.03,13.71,14.41
"2026-05-18","TILÁPIA","tilapia","-","KG",12.83,13.01,13.17
"2026-05-18","TRUTA","truta","-","KG",39.67,40.16,40.67
"2026-05-20","FILE DE TILAPIA","file-de-tilapia","-","KG",42.15,42.91,43.72
"2026-05-20","TILÁPIA","tilapia","-","KG",13.08,13.26,13.39
"2026-05-20","TRUTA","truta","-","KG",39.96,40.46,41.16
"2026-05-22","FILE DE TILAPIA","file-de-tilapia","-","KG",42.35,43.13,43.92
"2026-05-22","PANGASIUS","pangasius","-","KG",9.80,9.90,10.00
"2026-05-22","TILÁPIA","tilapia","-","KG",12.24,12.69,13.12
"2026-05-22","TRUTA","truta","-","KG",40.41,40.91,41.41
"2026-05-25","FILE DE TILAPIA","file-de-tilapia","-","KG",42.03,42.76,43.49
"2026-05-25","PANGASIUS","pangasius","-","KG",9.80,9.90,10.00
"2026-05-25","TILÁPIA","tilapia","-","KG",12.81,12.98,13.13
"2026-05-25","TRUTA","truta","-","KG",39.76,40.25,40.75
"2026-06-08","FILE DE TILAPIA","file-de-tilapia","-","KG",42.72,43.67,44.60
"2026-06-08","PANGASIUS","pangasius","-","KG",9.80,9.90,10.00
"2026-06-08","PINTADO","pintado","-","KG",26.70,27.20,28.00
"2026-06-08","TAMBAQUI","tambaqui","-","KG",13.30,13.68,14.29
"2026-06-08","TILÁPIA","tilapia","-","KG",12.87,12.98,13.09
"2026-06-08","TRUTA","truta","-","KG",39.00,39.50,40.00
"2026-06-10","FILE DE TILAPIA","file-de-tilapia","-","KG",42.32,43.22,44.17
"2026-06-10","TILÁPIA","tilapia","-","KG",12.29,12.66,13.03
"2026-06-10","TRUTA","truta","-","KG",38.31,39.01,40.00
"2026-06-12","FILE DE TILAPIA","file-de-tilapia","-","KG",42.42,43.32,44.33
"2026-06-12","TILÁPIA","tilapia","-","KG",12.24,12.62,13.00
"2026-06-12","TRUTA","truta","-","KG",38.20,39.00,40.00
"2026-06-15","FILE DE TILAPIA","file-de-tilapia","-","KG",42.93,43.91,44.86
"2026-06-15","PINTADO","pintado","-","KG",27.00,27.50,28.00
"2026-06-15","TAMBAQUI","tambaqui","-","KG",12.88,12.99,13.11
"2026-06-15","TILÁPIA","tilapia","-","KG",12.70,12.93,13.14
"2026-06-15","TRUTA","truta","-","KG",38.20,39.00,40.00
"2026-06-17","FILE DE TILAPIA","file-de-tilapia","-","KG",43.93,44.93,45.93
"2026-06-17","TILÁPIA","tilapia","-","KG",12.87,13.02,13.14
"2026-06-17","TRUTA","truta","-","KG",38.34,39.00,40.00
"2026-06-22","FILE DE TILAPIA","file-de-tilapia","-","KG",42.60,43.47,44.32
"2026-06-22","PINTADO","pintado","-","KG",26.00,27.00,28.00
"2026-06-22","TAMBAQUI","tambaqui","-","KG",12.99,13.20,13.54
"2026-06-22","TILÁPIA","tilapia","-","KG",12.87,13.02,13.15
"2026-06-22","TRUTA","truta","-","KG",38.00,39.00,40.00
"2026-06-24","FILE DE TILAPIA","file-de-tilapia","-","KG",42.91,43.97,45.04
"2026-06-24","TILÁPIA","tilapia","-","KG",12.94,13.23,13.49
"2026-06-26","FILE DE TILAPIA","file-de-tilapia","-","KG",41.45,42.56,43.82
"2026-06-26","PINTADO","pintado","-","KG",26.83,27.67,28.66
"2026-06-26","TAMBAQUI","tambaqui","-","KG",13.86,14.57,15.44
"2026-06-26","TILÁPIA","tilapia","-","KG",12.69,12.80,12.92
"2026-06-26","TRUTA","truta","-","KG",37.00,38.00,39.00
"2026-06-29","FILE DE TILAPIA","file-de-tilapia","-","KG",41.28,41.78,42.29
"2026-06-29","PINTADO","pintado","-","KG",26.67,27.50,28.33
"2026-06-29","TAMBAQUI","tambaqui","-","KG",14.00,14.50,15.00
"2026-06-29","TILÁPIA","tilapia","-","KG",12.17,12.36,12.57
"2026-06-29","TRUTA","truta","-","KG",37.80,37.90,38.00
"2026-07-01","FILE DE TILAPIA","file-de-tilapia","-","KG",41.43,42.76,44.14
"2026-07-01","TILÁPIA","tilapia","-","KG",12.19,12.56,12.90
"2026-07-01","TRUTA","truta","-","KG",38.20,38.44,38.66
"2026-07-03","FILE DE TILAPIA","file-de-tilapia","-","KG",40.83,42.04,43.29
"2026-07-03","PINTADO","pintado","-","KG",24.00,24.50,25.00
"2026-07-03","TAMBAQUI","tambaqui","-","KG",13.48,13.94,14.40
"2026-07-03","TILÁPIA","tilapia","-","KG",12.87,13.00,13.11
"2026-07-03","TRUTA","truta","-","KG",39.00,39.83,40.67
"2026-07-06","FILE DE TILAPIA","file-de-tilapia","-","KG",42.62,43.53,44.44
"2026-07-06","TAMBAQUI","tambaqui","-","KG",14.00,14.50,15.00
"2026-07-06","TILÁPIA","tilapia","-","KG",12.26,12.55,12.75
"2026-07-06","TRUTA","truta","-","KG",40.00,41.00,42.00
"2026-07-08","FILE DE TILAPIA","file-de-tilapia","-","KG",42.11,42.58,43.16
"2026-07-08","TILÁPIA","tilapia","-","KG",12.62,12.76,12.87
"2026-07-08","TRUTA","truta","-","KG",36.07,37.72,40.00
"2026-07-13","FILE DE TILAPIA","file-de-tilapia","-","KG",41.93,42.56,43.19
"2026-07-13","TILÁPIA","tilapia","-","KG",12.61,12.72,12.83
"2026-07-13","TRUTA","truta","-","KG",37.93,38.61,39.28
"2026-07-15","FILE DE TILAPIA","file-de-tilapia","-","KG",39.23,41.41,42.93
"2026-07-15","TILÁPIA","tilapia","-","KG",11.00,12.00,12.53
"2026-07-15","TRUTA","truta","-","KG",30.00,35.00,40.00
"2026-07-17","FILE DE TILAPIA","file-de-tilapia","-","KG",41.42,42.59,43.17
"2026-07-17","PANGASIUS","pangasius","-","KG",8.00,9.00,10.00
"2026-07-17","PINTADO","pintado","-","KG",24.00,25.00,26.00
"2026-07-17","TAMBAQUI","tambaqui","-","KG",11.00,12.00,13.00
"2026-07-17","TILÁPIA","tilapia","-","KG",11.26,11.95,12.32
"2026-07-20","FILE DE TILAPIA","file-de-tilapia","-","KG",42.03,42.75,43.47
"2026-07-20","PANGASIUS","pangasius","-","KG",9.80,9.90,10.00
"2026-07-20","PINTADO","pintado","-","KG",24.00,24.50,25.00
"2026-07-20","TAMBAQUI","tambaqui","-","KG",13.00,13.50,14.00
"2026-07-20","TILÁPIA","tilapia","-","KG",12.22,12.39,12.54
"2026-07-20","TRUTA","truta","-","KG",38.00,39.00,40.00
"2026-07-22","FILE DE TILAPIA","file-de-tilapia","-","KG",42.48,43.04,43.60
"2026-07-22","TILÁPIA","tilapia","-","KG",12.80,12.90,13.00
"2026-07-24","FILE DE TILAPIA","file-de-tilapia","-","KG",41.56,42.01,42.51
"2026-07-24","PANGASIUS","pangasius","-","KG",9.00,9.50,10.00
"2026-07-24","PINTADO","pintado","-","KG",24.00,24.50,25.00
"2026-07-24","TAMBAQUI","tambaqui","-","KG",12.82,12.94,13.05
"2026-07-24","TILÁPIA","tilapia","-","KG",12.65,12.74,12.86
"2026-07-24","TRUTA","truta","-","KG",36.40,37.95,39.00
"2026-07-27","FILE DE TILAPIA","file-de-tilapia","-","KG",41.75,42.00,42.26
"2026-07-27","PANGASIUS","pangasius","-","KG",9.00,9.50,10.00
"2026-07-27","PINTADO","pintado","-","KG",23.00,24.00,25.00
"2026-07-27","TAMBAQUI","tambaqui","-","KG",12.71,12.81,12.91
"2026-07-27","TILÁPIA","tilapia","-","KG",12.07,12.16,12.26
"2026-07-27","TRUTA","truta","-","KG",36.30,36.40,36.50
"2026-07-29","FILE DE TILAPIA","file-de-tilapia","-","KG",42.34,43.23,44.13
"2026-07-29","PANGASIUS","pangasius","-","KG",8.00,9.00,10.00
"2026-07-29","TILÁPIA","tilapia","-","KG",11.04,11.70,12.06
"2026-07-31","FILE DE TILAPIA","file-de-tilapia","-","KG",42.49,42.85,43.27
"2026-07-31","PANGASIUS","pangasius","-","KG",8.80,8.90,9.00
"2026-07-31","PINTADO","pintado","-","KG",25.00,25.75,26.50
"2026-07-31","TAMBAQUI","tambaqui","-","KG",12.80,12.90,13.00
"2026-07-31","TILÁPIA","tilapia","-","KG",12.31,12.52,12.78
"2026-07-31","TRUTA","truta","-","KG",37.50,38.25,39.00
"2026-08-03","FILE DE TILAPIA","file-de-tilapia","-","KG",42.52,43.41,44.34
"2026-08-03","PANGASIUS","pangasius","-","KG",9.80,9.90,10.00
"2026-08-03","PINTADO","pintado","-","KG",25.50,26.00,26.50
"2026-08-03","TAMBAQUI","tambaqui","-","KG",13.00,13.30,13.50
"2026-08-03","TILÁPIA","tilapia","-","KG",11.83,12.11,12.34
"2026-08-03","TRUTA","truta","-","KG",38.00,38.50,39.00
"2026-08-05","FILE DE TILAPIA","file-de-tilapia","-","KG",42.27,42.84,43.41
"2026-08-05","PINTADO","pintado","-","KG",25.00,25.50,26.00
"2026-08-05","TAMBAQUI","tambaqui","-","KG",12.00,12.50,13.00
"2026-08-05","TILÁPIA","tilapia","-","KG",11.93,12.22,12.45
"2026-08-05","TRUTA","truta","-","KG",37.50,38.25,39.00
"2026-08-07","FILE DE TILAPIA","file-de-tilapia","-","KG",42.61,43.48,44.36
"2026-08-07","PINTADO","pintado","-","KG",25.00,26.00,27.00
"2026-08-07","TAMBAQUI","tambaqui","-","KG",13.50,13.90,14.25
"2026-08-07","TILÁPIA","tilapia","-","KG",12.00,12.24,12.43
"2026-08-07","TRUTA","truta","-","KG",37.50,38.25,39.00
"2026-08-10","FILE DE TILAPIA","file-de-tilapia","-","KG",42.75,43.65,44.58
"2026-08-10","PINTADO","pintado","-","KG",25.00,26.00,27.00
"2026-08-10","TAMBAQUI","tambaqui","-","KG",13.50,13.90,14.25
"2026-08-10","TILÁPIA","tilapia","-","KG",12.00,12.24,12.43
"2026-08-10","TRUTA","truta","-","KG",37.50,38.25,39.00
"2026-08-12","FILE DE TILAPIA","file-de-tilapia","-","KG",40.89,41.57,42.28
"2026-08-12","PINTADO","pintado","-","KG",27.00,27.50,28.00
"2026-08-12","TAMBAQUI","tambaqui","-","KG",12.50,12.70,13.00
"2026-08-12","TILÁPIA","tilapia","-","KG",12.71,12.94,13.20
